video_name,p1204_3_score,p1204_3_baseline,p1204_3_rf_pred
"Dancers_8s_10244kbps_1080p_60.0fps_h264.mp4",3.989224608469704,4.18390019141686,3.794549025522548
"Dancers_8s_10244kbps_1080p_60.0fps_hevc.mp4",4.083877482827738,4.0894696403703135,4.078285325285162
"Dancers_8s_10244kbps_1080p_60.0fps_vp9.mp4",4.2431613043324035,4.105382759666535,4.380939848998272
"Dancers_8s_1138kbps_360p_60.0fps_h264.mp4",3.0252279928981443,3.107644344071958,2.9428116417243304
"Dancers_8s_1138kbps_360p_60.0fps_hevc.mp4",2.7892279996536358,2.8766851484070606,2.7017708509002105
"Dancers_8s_1138kbps_360p_60.0fps_vp9.mp4",2.6873911400198813,2.7998761247405533,2.5749061552992094
"Dancers_8s_14930kbps_1080p_60.0fps_h264.mp4",4.139887923338973,4.31263631532128,3.9671395313566657
"Dancers_8s_14930kbps_1080p_60.0fps_hevc.mp4",4.107869716792238,4.1307331531954095,4.0850062803890665
"Dancers_8s_14930kbps_1080p_60.0fps_vp9.mp4",4.275587837227034,4.115815996269221,4.435359678184846
"Dancers_8s_1659kbps_360p_60.0fps_h264.mp4",3.008265631495363,3.148462270699203,2.868068992291523
"Dancers_8s_1659kbps_360p_60.0fps_hevc.mp4",2.986047082473023,2.9242894672668642,3.0478046976791826
"Dancers_8s_1659kbps_360p_60.0fps_vp9.mp4",2.8774705585603932,2.817471029946853,2.937470087173933
"Dancers_8s_22229kbps_2160p_60.0fps_h264.mp4",4.465329985822239,4.624767478946536,4.30589249269794
"Dancers_8s_22229kbps_2160p_60.0fps_hevc.mp4",4.392849222057587,4.502507076065096,4.283191368050079
"Dancers_8s_22229kbps_2160p_60.0fps_vp9.mp4",4.610713875817609,4.673223664961216,4.548204086674002
"Dancers_8s_2470kbps_720p_60.0fps_h264.mp4",3.6565759768148403,3.598803988811303,3.7143479648183777
"Dancers_8s_2470kbps_720p_60.0fps_hevc.mp4",3.614405887006183,3.5658650115090937,3.6629467625032723
"Dancers_8s_2470kbps_720p_60.0fps_vp9.mp4",3.6678355576529786,3.612339163918612,3.7233319513873453
"Dancers_8s_3484kbps_2160p_60.0fps_h264.mp4",3.5880942483304987,3.946414329304079,3.2297741673569185
"Dancers_8s_3484kbps_2160p_60.0fps_hevc.mp4",4.164413594482955,4.189322538052723,4.139504650913188
"Dancers_8s_3484kbps_2160p_60.0fps_vp9.mp4",4.313360322714199,4.4725150943857495,4.154205551042648
"Dancers_8s_387kbps_720p_60.0fps_h264.mp4",2.9466283890962317,3.1686730539165175,2.724583724275946
"Dancers_8s_387kbps_720p_60.0fps_hevc.mp4",2.813830306446141,2.91369102945006,2.713969583442222
"Dancers_8s_387kbps_720p_60.0fps_vp9.mp4",2.6436413313895244,2.720150338918546,2.5671323238605033
"Dancers_8s_40974kbps_2160p_60.0fps_h264.mp4",4.236975397383331,4.117471641691824,4.3564791530748375
"Dancers_8s_40974kbps_2160p_60.0fps_hevc.mp4",4.5398542463612515,4.625793522587169,4.453914970135333
"Dancers_8s_40974kbps_2160p_60.0fps_vp9.mp4",4.660384501285155,4.693805345080165,4.626963657490146
"Dancers_8s_4553kbps_720p_60.0fps_h264.mp4",3.8378954591712198,3.805667157948536,3.8701237603939034
"Dancers_8s_4553kbps_720p_60.0fps_hevc.mp4",3.734463996035947,3.6732176141977035,3.7957103778741903
"Dancers_8s_4553kbps_720p_60.0fps_vp9.mp4",3.7054175551446358,3.643630512983797,3.767204597305474
"Dancers_8s_5557kbps_1080p_60.0fps_h264.mp4",3.3591984506806716,3.218794111074184,3.499602790287159
"Dancers_8s_5557kbps_1080p_60.0fps_hevc.mp4",4.018968232173134,3.9973679136946565,4.040568550651612
"Dancers_8s_5557kbps_1080p_60.0fps_vp9.mp4",4.10306144643397,4.079215164016264,4.126907728851676
"Dancers_8s_59720kbps_2160p_60.0fps_h264.mp4",4.2344035533320925,4.409515521851668,4.059291584812517
"Dancers_8s_59720kbps_2160p_60.0fps_hevc.mp4",4.584180802683052,4.673995710710534,4.494365894655571
"Dancers_8s_59720kbps_2160p_60.0fps_vp9.mp4",4.597655180666283,4.709150561896459,4.486159799436107
"Dancers_8s_617kbps_360p_60.0fps_h264.mp4",2.874894040412186,2.9959847247723004,2.753803356052071
"Dancers_8s_617kbps_360p_60.0fps_hevc.mp4",2.695132985428603,2.7676205032442533,2.622645467612952
"Dancers_8s_617kbps_360p_60.0fps_vp9.mp4",2.530108179409144,2.7259004925546515,2.3343158662636356
"Dancers_8s_6635kbps_720p_60.0fps_h264.mp4",3.8371322376218853,3.8645539625595644,3.8097105126842066
"Dancers_8s_6635kbps_720p_60.0fps_hevc.mp4",3.7966441254785623,3.7324705147467596,3.8608177362103646
"Dancers_8s_6635kbps_720p_60.0fps_vp9.mp4",3.763414529984189,3.6514745219432756,3.8753545380251024
"Dancers_8s_871kbps_1080p_60.0fps_h264.mp4",3.531906916825993,3.6580461617956037,3.405767671856383
"Dancers_8s_871kbps_1080p_60.0fps_hevc.mp4",3.3435485291298153,3.543256206756492,3.1438408515031386
"Dancers_8s_871kbps_1080p_60.0fps_vp9.mp4",3.330369125749589,3.5249511879654007,3.1357870635337775
"Dancers_8s_97kbps_360p_60.0fps_h264.mp4",2.023333304115967,2.2587987655025206,1.787867842729414
"Dancers_8s_97kbps_360p_60.0fps_hevc.mp4",1.571327928174588,1.62981869825795,1.512837158091226
"Dancers_8s_97kbps_360p_60.0fps_vp9.mp4",1.424257595556024,1.5881234135216546,1.2603917775903932
"Daydreamer_SDR_8s_3840x2160_8_1000kbps_360p_24.0fps_hevc.mp4",2.3737342701825623,2.3680899950009753,2.379378545364149
"Daydreamer_SDR_8s_3840x2160_8_1000kbps_480p_15.0fps_hevc.mp4",2.4674672992396927,2.376759648514307,2.5581749499650783
"Daydreamer_SDR_8s_3840x2160_8_1000kbps_480p_24.0fps_hevc.mp4",2.600410693891651,2.5360101253430023,2.6648112624403
"Daydreamer_SDR_8s_3840x2160_8_1000kbps_720p_24.0fps_hevc.mp4",2.8233109978650495,2.718563251068755,2.9280587446613437
"Daydreamer_SDR_8s_3840x2160_8_15000kbps_2160p_60.0fps_hevc.mp4",4.2223452573749665,4.135199126285292,4.309491388464642
"Daydreamer_SDR_8s_3840x2160_8_2000kbps_1080p_24.0fps_hevc.mp4",3.1879754401380835,3.1041116065885874,3.2718392736875797
"Daydreamer_SDR_8s_3840x2160_8_2000kbps_480p_24.0fps_hevc.mp4",2.8046107728666847,2.6947888096405013,2.914432736092868
"Daydreamer_SDR_8s_3840x2160_8_2000kbps_720p_24.0fps_hevc.mp4",3.090017858221744,2.9648937464574745,3.215141969986013
"Daydreamer_SDR_8s_3840x2160_8_2000kbps_720p_30.0fps_hevc.mp4",3.1632700454801066,3.046506247274769,3.2800338436854437
"Daydreamer_SDR_8s_3840x2160_8_200kbps_360p_15.0fps_hevc.mp4",1.6755499331571522,1.7260881322991621,1.625011734015142
"Daydreamer_SDR_8s_3840x2160_8_4000kbps_1080p_24.0fps_hevc.mp4",3.4678534620770813,3.356685913244542,3.5790210109096203
"Daydreamer_SDR_8s_3840x2160_8_4000kbps_1080p_30.0fps_hevc.mp4",3.5143639769633976,3.4174802188621363,3.6112477350646586
"Daydreamer_SDR_8s_3840x2160_8_4000kbps_1440p_30.0fps_hevc.mp4",3.658542318049649,3.5516821937739693,3.7654024423253287
"Daydreamer_SDR_8s_3840x2160_8_4000kbps_720p_30.0fps_hevc.mp4",3.3320555069053546,3.2154188198893543,3.448692193921355
"Daydreamer_SDR_8s_3840x2160_8_500kbps_360p_15.0fps_hevc.mp4",1.9458947402110094,2.046691958058636,1.8450975223633828
"Daydreamer_SDR_8s_3840x2160_8_500kbps_360p_24.0fps_hevc.mp4",2.0881031319867516,2.172132228627838,2.004074035345665
"Daydreamer_SDR_8s_3840x2160_8_500kbps_480p_15.0fps_hevc.mp4",2.2366506993359465,2.168612267815069,2.3046891308568243
"Daydreamer_SDR_8s_3840x2160_8_6000kbps_1080p_30.0fps_hevc.mp4",3.664016690511136,3.54540090149332,3.782632479528952
"Daydreamer_SDR_8s_3840x2160_8_6000kbps_1440p_30.0fps_hevc.mp4",3.801220310679348,3.7019559029536215,3.9004847184050746
"Daydreamer_SDR_8s_3840x2160_8_6000kbps_1440p_60.0fps_hevc.mp4",3.913838923567016,3.8467652709303217,3.98091257620371
"Daydreamer_SDR_8s_3840x2160_8_6000kbps_2160p_30.0fps_hevc.mp4",3.867675158790499,3.7600143278463256,3.9753359897346727
"Daydreamer_SDR_8s_3840x2160_8_8000kbps_1440p_60.0fps_hevc.mp4",3.987917974174646,3.916447938657142,4.05938800969215
"Daydreamer_SDR_8s_3840x2160_8_8000kbps_2160p_30.0fps_hevc.mp4",3.9698698445703675,3.8569920249004306,4.082747664240305
"Daydreamer_SDR_8s_3840x2160_8_8000kbps_2160p_60.0fps_hevc.mp4",4.057196167597738,3.9866318337789943,4.12776050141648
"Giftmord-SDR_8s_11_3840x2160_1000kbps_360p_24.0fps_hevc.mp4",2.302597911792396,2.3102134268507815,2.2949823967340106
"Giftmord-SDR_8s_11_3840x2160_1000kbps_480p_15.0fps_hevc.mp4",2.3575583425290425,2.300717562248532,2.4143991228095527
"Giftmord-SDR_8s_11_3840x2160_1000kbps_480p_24.0fps_hevc.mp4",2.5007896732342814,2.4572525270986265,2.544326819369936
"Giftmord-SDR_8s_11_3840x2160_1000kbps_720p_24.0fps_hevc.mp4",2.679463494437951,2.62413001542954,2.7347969734463624
"Giftmord-SDR_8s_11_3840x2160_15000kbps_2160p_60.0fps_hevc.mp4",4.198322170372739,4.1686969696247385,4.227947371120739
"Giftmord-SDR_8s_11_3840x2160_2000kbps_1080p_24.0fps_hevc.mp4",3.149972212061867,3.0629136540935535,3.237030770030181
"Giftmord-SDR_8s_11_3840x2160_2000kbps_480p_24.0fps_hevc.mp4",2.745410854244107,2.6488659914391817,2.8419557170490326
"Giftmord-SDR_8s_11_3840x2160_2000kbps_720p_24.0fps_hevc.mp4",2.9920092437714056,2.8962616471879987,3.0877568403548126
"Giftmord-SDR_8s_11_3840x2160_2000kbps_720p_30.0fps_hevc.mp4",3.0904076363808644,2.9802702100555782,3.200545062706151
"Giftmord-SDR_8s_11_3840x2160_200kbps_360p_15.0fps_hevc.mp4",1.5484268923134314,1.5877918835934626,1.5090619010334003
"Giftmord-SDR_8s_11_3840x2160_4000kbps_1080p_24.0fps_hevc.mp4",3.3691847495274274,3.3356043646559153,3.4027651343989396
"Giftmord-SDR_8s_11_3840x2160_4000kbps_1080p_30.0fps_hevc.mp4",3.4988521841241913,3.417178394365377,3.5805259738830055
"Giftmord-SDR_8s_11_3840x2160_4000kbps_1440p_30.0fps_hevc.mp4",3.590483440764925,3.5437122431368864,3.6372546383929634
"Giftmord-SDR_8s_11_3840x2160_4000kbps_720p_30.0fps_hevc.mp4",3.262470311135237,3.178640926061401,3.3462996962090727
"Giftmord-SDR_8s_11_3840x2160_500kbps_360p_15.0fps_hevc.mp4",1.9225670798049654,1.9626122199569933,1.8825219396529376
"Giftmord-SDR_8s_11_3840x2160_500kbps_360p_24.0fps_hevc.mp4",2.03465268871804,2.109048812741527,1.9602565646945525
"Giftmord-SDR_8s_11_3840x2160_500kbps_480p_15.0fps_hevc.mp4",2.1223710300136345,2.064562750469273,2.1801793095579964
"Giftmord-SDR_8s_11_3840x2160_6000kbps_1080p_30.0fps_hevc.mp4",3.567025436175763,3.5349715446635686,3.599079327687958
"Giftmord-SDR_8s_11_3840x2160_6000kbps_1440p_30.0fps_hevc.mp4",3.696970444072863,3.6929953501278217,3.700945538017904
"Giftmord-SDR_8s_11_3840x2160_6000kbps_1440p_60.0fps_hevc.mp4",3.909971910374444,3.8371116170169937,3.9828322037318946
"Giftmord-SDR_8s_11_3840x2160_6000kbps_2160p_30.0fps_hevc.mp4",3.763436591826112,3.731483851889731,3.795389331762493
"Giftmord-SDR_8s_11_3840x2160_8000kbps_1440p_60.0fps_hevc.mp4",3.9160689155154356,3.924013060602545,3.908124770428326
"Giftmord-SDR_8s_11_3840x2160_8000kbps_2160p_30.0fps_hevc.mp4",3.8566603046682637,3.843142971361409,3.870177637975118
"Giftmord-SDR_8s_11_3840x2160_8000kbps_2160p_60.0fps_hevc.mp4",3.9735329826875407,3.9726394777738605,3.9744264876012214
"LeagueOfLegends-1_8s_10244kbps_1080p_60.0fps_h264.mp4",4.364055862351162,4.326152430858608,4.401959293843715
"LeagueOfLegends-1_8s_10244kbps_1080p_60.0fps_hevc.mp4",4.288469547892037,4.187005027762989,4.389934068021085
"LeagueOfLegends-1_8s_10244kbps_1080p_60.0fps_vp9.mp4",4.168504931023581,4.109879414793461,4.2271304472537015
"LeagueOfLegends-1_8s_1138kbps_360p_60.0fps_h264.mp4",2.825429819516261,2.8155576536041966,2.8353019854283246
"LeagueOfLegends-1_8s_1138kbps_360p_60.0fps_hevc.mp4",2.6390274160626914,2.6340364166461514,2.644018415479232
"LeagueOfLegends-1_8s_1138kbps_360p_60.0fps_vp9.mp4",2.489123318006539,2.65365082701741,2.324595808995668
"LeagueOfLegends-1_8s_14930kbps_1080p_60.0fps_h264.mp4",4.440300504274191,4.420742435978572,4.45985857256981
"LeagueOfLegends-1_8s_14930kbps_1080p_60.0fps_hevc.mp4",4.304772534752225,4.270715950615352,4.338829118889099
"LeagueOfLegends-1_8s_14930kbps_1080p_60.0fps_vp9.mp4",4.146786056486501,4.139708436746927,4.1538636762260746
"LeagueOfLegends-1_8s_1659kbps_360p_60.0fps_h264.mp4",3.004398253472281,2.961986468996167,3.0468100379483953
"LeagueOfLegends-1_8s_1659kbps_360p_60.0fps_hevc.mp4",2.7741273928749486,2.798060283407328,2.750194502342569
"LeagueOfLegends-1_8s_1659kbps_360p_60.0fps_vp9.mp4",2.7411459776920464,2.7446853949019254,2.7376065604821673
"LeagueOfLegends-1_8s_22229kbps_2160p_60.0fps_h264.mp4",4.797449001407322,4.87476293623624,4.720135066578403
"LeagueOfLegends-1_8s_22229kbps_2160p_60.0fps_hevc.mp4",4.695670946257836,4.739544747064626,4.651797145451047
"LeagueOfLegends-1_8s_22229kbps_2160p_60.0fps_vp9.mp4",4.639359033511461,4.708758714723916,4.569959352299006
"LeagueOfLegends-1_8s_2470kbps_720p_60.0fps_h264.mp4",3.5937037159563356,3.506885382602842,3.68052204930983
"LeagueOfLegends-1_8s_2470kbps_720p_60.0fps_hevc.mp4",3.4334496501538387,3.355722496076756,3.511176804230921
"LeagueOfLegends-1_8s_2470kbps_720p_60.0fps_vp9.mp4",3.5120939412296073,3.434739276435062,3.589448606024152
"LeagueOfLegends-1_8s_3484kbps_2160p_60.0fps_h264.mp4",3.7151634588135454,3.567357153179444,3.8629697644476466
"LeagueOfLegends-1_8s_3484kbps_2160p_60.0fps_hevc.mp4",3.7964968284720033,3.643025464671398,3.949968192272608
"LeagueOfLegends-1_8s_3484kbps_2160p_60.0fps_vp9.mp4",3.8864460115824113,3.814776285131693,3.9581157380331295
"LeagueOfLegends-1_8s_387kbps_720p_60.0fps_h264.mp4",1.6034248665598971,1.6072676028094777,1.5995821303103164
"LeagueOfLegends-1_8s_387kbps_720p_60.0fps_hevc.mp4",1.7398451347639814,1.76586264811513,1.7138276214128327
"LeagueOfLegends-1_8s_387kbps_720p_60.0fps_vp9.mp4",1.9674794204578774,2.007719641438446,1.9272391994773086
"LeagueOfLegends-1_8s_40974kbps_2160p_60.0fps_h264.mp4",4.926224970628456,4.990317874658724,4.862132066598188
"LeagueOfLegends-1_8s_40974kbps_2160p_60.0fps_hevc.mp4",4.7930204518345585,4.857639316762837,4.72840158690628
"LeagueOfLegends-1_8s_40974kbps_2160p_60.0fps_vp9.mp4",4.679741949034657,4.764975450558877,4.594508447510437
"LeagueOfLegends-1_8s_4553kbps_720p_60.0fps_h264.mp4",3.9362546514881434,3.785453482277129,4.087055820699158
"LeagueOfLegends-1_8s_4553kbps_720p_60.0fps_hevc.mp4",3.743321040252564,3.633387567793023,3.853254512712105
"LeagueOfLegends-1_8s_4553kbps_720p_60.0fps_vp9.mp4",3.6519289765204013,3.5854531313099227,3.7184048217308803
"LeagueOfLegends-1_8s_5557kbps_1080p_60.0fps_h264.mp4",4.24282699636602,4.097818016522844,4.387835976209195
"LeagueOfLegends-1_8s_5557kbps_1080p_60.0fps_hevc.mp4",4.091080469206045,3.9732457287198404,4.20891520969225
"LeagueOfLegends-1_8s_5557kbps_1080p_60.0fps_vp9.mp4",4.019339333059634,3.9966627934301457,4.042015872689122
"LeagueOfLegends-1_8s_59720kbps_2160p_60.0fps_h264.mp4",4.945623301557982,5,4.891246603115964
"LeagueOfLegends-1_8s_59720kbps_2160p_60.0fps_hevc.mp4",4.852593808606011,4.9048636037468265,4.800324013465196
"LeagueOfLegends-1_8s_59720kbps_2160p_60.0fps_vp9.mp4",4.658418162555501,4.776852296221457,4.5399840288895446
"LeagueOfLegends-1_8s_617kbps_360p_60.0fps_h264.mp4",2.4197218025562095,2.509236551836114,2.330207053276305
"LeagueOfLegends-1_8s_617kbps_360p_60.0fps_hevc.mp4",2.2082554402493404,2.297644849544505,2.1188660309541754
"LeagueOfLegends-1_8s_617kbps_360p_60.0fps_vp9.mp4",2.2684382625708666,2.4510740293754,2.085802495766333
"LeagueOfLegends-1_8s_6635kbps_720p_60.0fps_h264.mp4",4.1060911196961385,3.9062359106554205,4.305946328736857
"LeagueOfLegends-1_8s_6635kbps_720p_60.0fps_hevc.mp4",3.854292419259749,3.7502248495932213,3.958359988926277
"LeagueOfLegends-1_8s_6635kbps_720p_60.0fps_vp9.mp4",3.7421781853086267,3.646415680128063,3.8379406904891904
"LeagueOfLegends-1_8s_871kbps_1080p_60.0fps_h264.mp4",2.2000333344986776,2.18705705361553,2.213009615381825
"LeagueOfLegends-1_8s_871kbps_1080p_60.0fps_hevc.mp4",2.477137586932338,2.382407707605071,2.5718674662596053
"LeagueOfLegends-1_8s_871kbps_1080p_60.0fps_vp9.mp4",2.660042479614466,2.687655348431282,2.6324296107976504
"LeagueOfLegends-1_8s_97kbps_360p_60.0fps_h264.mp4",1.1801479270108333,1.1626516806559923,1.1976441733656742
"LeagueOfLegends-1_8s_97kbps_360p_60.0fps_hevc.mp4",1.0841883984113272,1.0854930680795145,1.08288372874314
"LeagueOfLegends-1_8s_97kbps_360p_60.0fps_vp9.mp4",1.2483371582178542,1.2972291152790016,1.1994452011567067
"Moment_of_Intensity_8s_10244kbps_1080p_59.94fps_h264.mp4",4.328940629198857,4.164029000186931,4.493852258210783
"Moment_of_Intensity_8s_10244kbps_1080p_59.94fps_hevc.mp4",4.106566674504079,4.0053556864708035,4.207777662537355
"Moment_of_Intensity_8s_10244kbps_1080p_59.94fps_vp9.mp4",4.220972124660511,4.082885653167379,4.359058596153643
"Moment_of_Intensity_8s_1138kbps_360p_59.94fps_h264.mp4",2.700305454015055,2.738198411068125,2.6624124969619856
"Moment_of_Intensity_8s_1138kbps_360p_59.94fps_hevc.mp4",2.5392748197393695,2.615430968495086,2.4631186709836537
"Moment_of_Intensity_8s_1138kbps_360p_59.94fps_vp9.mp4",2.5545718760467597,2.669832549487962,2.4393112026055572
"Moment_of_Intensity_8s_14930kbps_1080p_59.94fps_h264.mp4",4.295596916509417,4.238646511119585,4.352547321899251
"Moment_of_Intensity_8s_14930kbps_1080p_59.94fps_hevc.mp4",4.190448931379388,4.084328977716794,4.296568885041982
"Moment_of_Intensity_8s_14930kbps_1080p_59.94fps_vp9.mp4",4.249038760650068,4.106185715260761,4.391891806039375
"Moment_of_Intensity_8s_1659kbps_360p_59.94fps_h264.mp4",2.8398316891940594,2.888790671108017,2.7908727072801023
"Moment_of_Intensity_8s_1659kbps_360p_59.94fps_hevc.mp4",2.7955932433965573,2.744307407521377,2.846879079271738
"Moment_of_Intensity_8s_1659kbps_360p_59.94fps_vp9.mp4",2.814522674302884,2.7432115584933836,2.8858337901123843
"Moment_of_Intensity_8s_22229kbps_2160p_59.94fps_h264.mp4",4.588165727468191,4.638194430864525,4.538137024071856
"Moment_of_Intensity_8s_22229kbps_2160p_59.94fps_hevc.mp4",4.48805010157179,4.536566544232956,4.439533658910624
"Moment_of_Intensity_8s_22229kbps_2160p_59.94fps_vp9.mp4",4.5308211891604335,4.650458021806709,4.411184356514158
"Moment_of_Intensity_8s_2470kbps_720p_59.94fps_h264.mp4",3.6070375619528123,3.4531985895410284,3.7608765343645962
"Moment_of_Intensity_8s_2470kbps_720p_59.94fps_hevc.mp4",3.404939204147949,3.297000839945025,3.5128775683508726
"Moment_of_Intensity_8s_2470kbps_720p_59.94fps_vp9.mp4",3.541268475837648,3.464830643480338,3.6177063081949576
"Moment_of_Intensity_8s_3484kbps_2160p_59.94fps_h264.mp4",3.178272853440084,2.991641158036102,3.3649045488440663
"Moment_of_Intensity_8s_3484kbps_2160p_59.94fps_hevc.mp4",3.757015913253567,3.6543263237334824,3.8597055027736515
"Moment_of_Intensity_8s_3484kbps_2160p_59.94fps_vp9.mp4",4.023942330656379,4.18146229478482,3.866422366527938
"Moment_of_Intensity_8s_387kbps_720p_59.94fps_h264.mp4",1.3271195367427846,1.2909006849302833,1.3633383885552859
"Moment_of_Intensity_8s_387kbps_720p_59.94fps_hevc.mp4",1.8142919922392942,1.8265371919314388,1.8020467925471497
"Moment_of_Intensity_8s_387kbps_720p_59.94fps_vp9.mp4",1.9467962966983086,2.0560150252277136,1.8375775681689035
"Moment_of_Intensity_8s_40974kbps_2160p_59.94fps_h264.mp4",4.60460552847792,4.694842598308927,4.5143684586469135
"Moment_of_Intensity_8s_40974kbps_2160p_59.94fps_hevc.mp4",4.598426531172493,4.634048231305959,4.562804831039026
"Moment_of_Intensity_8s_40974kbps_2160p_59.94fps_vp9.mp4",4.596000653585575,4.684737312412019,4.507263994759131
"Moment_of_Intensity_8s_4553kbps_720p_59.94fps_h264.mp4",3.911241136618071,3.6945670641737176,4.127915209062425
"Moment_of_Intensity_8s_4553kbps_720p_59.94fps_hevc.mp4",3.6328130497815154,3.5229290549720185,3.7426970445910124
"Moment_of_Intensity_8s_4553kbps_720p_59.94fps_vp9.mp4",3.673606855879063,3.5886079360638745,3.7586057756942512
"Moment_of_Intensity_8s_5557kbps_1080p_59.94fps_h264.mp4",4.188564391279683,3.9832627635122777,4.393866019047088
"Moment_of_Intensity_8s_5557kbps_1080p_59.94fps_hevc.mp4",3.980081973732208,3.8388175765115773,4.121346370952839
"Moment_of_Intensity_8s_5557kbps_1080p_59.94fps_vp9.mp4",4.04619260703743,4.014740540105947,4.077644673968912
"Moment_of_Intensity_8s_59720kbps_2160p_59.94fps_h264.mp4",4.653659143116208,4.704864206657117,4.6024540795753
"Moment_of_Intensity_8s_59720kbps_2160p_59.94fps_hevc.mp4",4.64501611866595,4.680637818799417,4.609394418532483
"Moment_of_Intensity_8s_59720kbps_2160p_59.94fps_vp9.mp4",4.61214955264388,4.7008302470549435,4.523468858232817
"Moment_of_Intensity_8s_617kbps_360p_59.94fps_h264.mp4",2.3005167162092,2.4242698976065435,2.1767635348118564
"Moment_of_Intensity_8s_617kbps_360p_59.94fps_hevc.mp4",2.2811844516021114,2.3462046737750066,2.216164229429216
"Moment_of_Intensity_8s_617kbps_360p_59.94fps_vp9.mp4",2.2328439959877784,2.45347569975113,2.012212292224427
"Moment_of_Intensity_8s_6635kbps_720p_59.94fps_h264.mp4",3.9460034900311345,3.7896913666067187,4.10231561345555
"Moment_of_Intensity_8s_6635kbps_720p_59.94fps_hevc.mp4",3.7086649868888384,3.6122951080995165,3.8050348656781603
"Moment_of_Intensity_8s_6635kbps_720p_59.94fps_vp9.mp4",3.7334978037208293,3.6306194281938553,3.8363761792478033
"Moment_of_Intensity_8s_871kbps_1080p_59.94fps_h264.mp4",1.8992779898259473,1.8659498089440858,1.9326061707078088
"Moment_of_Intensity_8s_871kbps_1080p_59.94fps_hevc.mp4",2.523938237667841,2.4791470013316923,2.56872947400399
"Moment_of_Intensity_8s_871kbps_1080p_59.94fps_vp9.mp4",2.7783325207280933,2.8466604226306407,2.7100046188255464
"Moment_of_Intensity_8s_97kbps_360p_59.94fps_h264.mp4",1.1791590148394093,1.165950279928835,1.1923677497499836
"Moment_of_Intensity_8s_97kbps_360p_59.94fps_hevc.mp4",1.0394303380489047,1.0788606760978097,1
"Moment_of_Intensity_8s_97kbps_360p_59.94fps_vp9.mp4",1.162301165610348,1.2457332906219765,1.0788690405987196
"Sparks_cut_13_1000kbps_360p_24.0fps_hevc.mp4",2.4000515647806067,2.4108948913722306,2.389208238188983
"Sparks_cut_13_1000kbps_480p_15.0fps_hevc.mp4",2.4982219571489557,2.4164071295498877,2.580036784748024
"Sparks_cut_13_1000kbps_480p_24.0fps_hevc.mp4",2.666902382428587,2.5875001167089424,2.7463046481482314
"Sparks_cut_13_1000kbps_720p_24.0fps_hevc.mp4",2.8978514162319913,2.7671863127445793,3.028516519719403
"Sparks_cut_13_15000kbps_2160p_59.94fps_hevc.mp4",4.284001623943379,4.4083205191280355,4.159682728758721
"Sparks_cut_13_2000kbps_1080p_24.0fps_hevc.mp4",3.3611439976079014,3.2566823647996017,3.4656056304162015
"Sparks_cut_13_2000kbps_480p_24.0fps_hevc.mp4",2.867240586071543,2.778793091079349,2.955688081063738
"Sparks_cut_13_2000kbps_720p_24.0fps_hevc.mp4",3.1737910301927155,3.070450631515506,3.277131428869925
"Sparks_cut_13_2000kbps_720p_30.0fps_hevc.mp4",3.2699261546120564,3.1597887282867703,3.380063580937343
"Sparks_cut_13_200kbps_360p_15.0fps_hevc.mp4",1.5757181855087872,1.6272645947689162,1.5241717762486582
"Sparks_cut_13_4000kbps_1080p_24.0fps_hevc.mp4",3.6277543300270834,3.5417068734480335,3.7138017866061332
"Sparks_cut_13_4000kbps_1080p_30.0fps_hevc.mp4",3.7143333018300897,3.62828584525104,3.8003807584091396
"Sparks_cut_13_4000kbps_1440p_30.0fps_hevc.mp4",3.842784527399677,3.784910320504791,3.900658734294563
"Sparks_cut_13_4000kbps_720p_30.0fps_hevc.mp4",3.4299371461588746,3.3388869606923595,3.5209873316253897
"Sparks_cut_13_500kbps_360p_15.0fps_hevc.mp4",1.9573153276499946,2.0396003805743366,1.8750302747256526
"Sparks_cut_13_500kbps_360p_24.0fps_hevc.mp4",2.0547692698333204,2.195326230071684,1.9142123095949568
"Sparks_cut_13_500kbps_480p_15.0fps_hevc.mp4",2.1521715941505106,2.1451748861764983,2.159168302124523
"Sparks_cut_13_6000kbps_1080p_30.0fps_hevc.mp4",3.837637300597044,3.7268678989678974,3.9484067022261904
"Sparks_cut_13_6000kbps_1440p_30.0fps_hevc.mp4",3.993630254427029,3.915389562346581,4.0718709465074765
"Sparks_cut_13_6000kbps_1440p_59.94fps_hevc.mp4",4.077690925907654,4.065469135457046,4.0899127163582625
"Sparks_cut_13_6000kbps_2160p_30.0fps_hevc.mp4",4.070139333392206,3.9993562495799075,4.140922417204503
"Sparks_cut_13_8000kbps_1440p_59.94fps_hevc.mp4",4.188768633651106,4.15440877360577,4.223128493696444
"Sparks_cut_13_8000kbps_2160p_30.0fps_hevc.mp4",4.150547724611004,4.102852070561209,4.198243378660799
"Sparks_cut_13_8000kbps_2160p_59.94fps_hevc.mp4",4.215291558461201,4.239073902489541,4.191509214432862
"Sparks_cut_15_1000kbps_360p_24.0fps_hevc.mp4",1.6570619339348303,1.862980702807225,1.4511431650624356
"Sparks_cut_15_1000kbps_480p_15.0fps_hevc.mp4",1.7919626476045318,1.881062839664118,1.7028624555449456
"Sparks_cut_15_1000kbps_480p_24.0fps_hevc.mp4",1.7976271782264408,1.8741927792741613,1.7210615771787203
"Sparks_cut_15_1000kbps_720p_24.0fps_hevc.mp4",1.7656441201616748,1.78765856058632,1.7436296797370296
"Sparks_cut_15_15000kbps_2160p_59.94fps_hevc.mp4",3.2331224321160335,3.2244235678117508,3.2418212964203166
"Sparks_cut_15_2000kbps_1080p_24.0fps_hevc.mp4",2.128939078463312,2.1244785979168226,2.1333995590098023
"Sparks_cut_15_2000kbps_480p_24.0fps_hevc.mp4",2.0820829800056853,2.234906796661355,1.9292591633500158
"Sparks_cut_15_2000kbps_720p_24.0fps_hevc.mp4",2.261064351818729,2.2583227708740647,2.263805932763393
"Sparks_cut_15_2000kbps_720p_30.0fps_hevc.mp4",2.170585112847773,2.2156818761717174,2.125488349523829
"Sparks_cut_15_200kbps_360p_15.0fps_hevc.mp4",1.156245599410834,1.1987766171904848,1.113714581631183
"Sparks_cut_15_4000kbps_1080p_24.0fps_hevc.mp4",2.799827182342389,2.720723559711758,2.8789308049730193
"Sparks_cut_15_4000kbps_1080p_30.0fps_hevc.mp4",2.744425290782744,2.6538942190083765,2.8349563625571124
"Sparks_cut_15_4000kbps_1440p_30.0fps_hevc.mp4",2.576329238830179,2.550343503470939,2.6023149741894187
"Sparks_cut_15_4000kbps_720p_30.0fps_hevc.mp4",2.77158607688446,2.6812056426857445,2.8619665110831747
"Sparks_cut_15_500kbps_360p_15.0fps_hevc.mp4",1.4360873021673182,1.556044165962824,1.3161304383718124
"Sparks_cut_15_500kbps_360p_24.0fps_hevc.mp4",1.3775128178865848,1.5512495129288566,1.203776122844313
"Sparks_cut_15_500kbps_480p_15.0fps_hevc.mp4",1.4660347841799801,1.5364427273088235,1.3956268410511368
"Sparks_cut_15_6000kbps_1080p_30.0fps_hevc.mp4",3.0469308749453488,2.985921686637607,3.10794006325309
"Sparks_cut_15_6000kbps_1440p_30.0fps_hevc.mp4",2.991544836409581,2.9603734474414685,3.022716225377693
"Sparks_cut_15_6000kbps_1440p_59.94fps_hevc.mp4",2.584546359763653,2.540274546871282,2.6288181726560245
"Sparks_cut_15_6000kbps_2160p_30.0fps_hevc.mp4",2.6230444474314982,2.6271788020908167,2.6189100927721793
"Sparks_cut_15_8000kbps_1440p_59.94fps_hevc.mp4",2.939335126332923,2.8590366101765134,3.0196336424893326
"Sparks_cut_15_8000kbps_2160p_30.0fps_hevc.mp4",2.977671222022681,2.9864189689472624,2.9689234750980997
"Sparks_cut_15_8000kbps_2160p_59.94fps_hevc.mp4",2.40148951768528,2.3840978028674966,2.418881232503064
"air_acrobatics_harmonic_0_cropped_8s_1000kbps_360p_24.0fps_hevc.mp4",2.498430682101322,2.5030234711532886,2.4938378930493554
"air_acrobatics_harmonic_0_cropped_8s_1000kbps_480p_15.0fps_hevc.mp4",2.6352368318470942,2.556482671054015,2.713990992640173
"air_acrobatics_harmonic_0_cropped_8s_1000kbps_480p_24.0fps_hevc.mp4",2.812958677962329,2.7439293711120567,2.881987984812601
"air_acrobatics_harmonic_0_cropped_8s_1000kbps_720p_24.0fps_hevc.mp4",3.1321516862206495,3.0631223793703772,3.2011809930709214
"air_acrobatics_harmonic_0_cropped_8s_15000kbps_2160p_59.94fps_hevc.mp4",4.350546725040221,4.487118839666323,4.21397461041412
"air_acrobatics_harmonic_0_cropped_8s_2000kbps_1080p_24.0fps_hevc.mp4",3.5534352916080447,3.502617659043775,3.6042529241723145
"air_acrobatics_harmonic_0_cropped_8s_2000kbps_480p_24.0fps_hevc.mp4",2.9368372662550106,2.8649694316144303,3.0087051008955914
"air_acrobatics_harmonic_0_cropped_8s_2000kbps_720p_24.0fps_hevc.mp4",3.262418044686126,3.2070512984849135,3.3177847908873384
"air_acrobatics_harmonic_0_cropped_8s_2000kbps_720p_30.0fps_hevc.mp4",3.347698619708882,3.298306674885659,3.397090564532104
"air_acrobatics_harmonic_0_cropped_8s_200kbps_360p_15.0fps_hevc.mp4",1.9214339272787364,1.9734951853187948,1.8693726692386778
"air_acrobatics_harmonic_0_cropped_8s_4000kbps_1080p_24.0fps_hevc.mp4",3.658412844489254,3.6235309056866627,3.6932947832918446
"air_acrobatics_harmonic_0_cropped_8s_4000kbps_1080p_30.0fps_hevc.mp4",3.6299903656507864,3.7220362485196437,3.5379444827819295
"air_acrobatics_harmonic_0_cropped_8s_4000kbps_1440p_30.0fps_hevc.mp4",3.9046897602749446,3.9310922379109656,3.878287282638923
"air_acrobatics_harmonic_0_cropped_8s_4000kbps_720p_30.0fps_hevc.mp4",3.3725539103715465,3.4206049187652146,3.3245029019778785
"air_acrobatics_harmonic_0_cropped_8s_500kbps_360p_15.0fps_hevc.mp4",2.1690459404413445,2.217698003053104,2.120393877829585
"air_acrobatics_harmonic_0_cropped_8s_500kbps_360p_24.0fps_hevc.mp4",2.2743039394994096,2.3836564824653816,2.164951396533438
"air_acrobatics_harmonic_0_cropped_8s_500kbps_480p_15.0fps_hevc.mp4",2.504232419845454,2.42416464234603,2.584300197344878
"air_acrobatics_harmonic_0_cropped_8s_6000kbps_1080p_30.0fps_hevc.mp4",3.710697337245575,3.785699637429024,3.6356950370621264
"air_acrobatics_harmonic_0_cropped_8s_6000kbps_1440p_30.0fps_hevc.mp4",3.8667247517266476,3.9929997787146765,3.7404497247386193
"air_acrobatics_harmonic_0_cropped_8s_6000kbps_1440p_59.94fps_hevc.mp4",4.201297477238983,4.209521532710478,4.1930734217674885
"air_acrobatics_harmonic_0_cropped_8s_6000kbps_2160p_30.0fps_hevc.mp4",4.116168157466029,4.137592527360789,4.094743787571268
"air_acrobatics_harmonic_0_cropped_8s_8000kbps_1440p_59.94fps_hevc.mp4",4.177077798768533,4.260619452900526,4.09353614463654
"air_acrobatics_harmonic_0_cropped_8s_8000kbps_2160p_30.0fps_hevc.mp4",4.205154226996941,4.189633183644572,4.220675270349308
"air_acrobatics_harmonic_0_cropped_8s_8000kbps_2160p_59.94fps_hevc.mp4",4.3158637687075245,4.38699455295386,4.244732984461189
"american_football_harmonic_15000kbps_1080p_59.94fps_h264.mp4",3.9347960470895256,3.759166809524613,4.110425284654438
"american_football_harmonic_15000kbps_1080p_59.94fps_hevc.mp4",4.122211468318849,3.91305938488001,4.331363551757686
"american_football_harmonic_15000kbps_1080p_59.94fps_vp9.mkv",4.108940309424089,4.017338326570625,4.200542292277551
"american_football_harmonic_15000kbps_2160p_59.94fps_h264.mp4",4.063033613897284,3.849690016678187,4.276377211116381
"american_football_harmonic_15000kbps_2160p_59.94fps_hevc.mp4",4.18784713156238,4.245699722946888,4.129994540177872
"american_football_harmonic_15000kbps_2160p_59.94fps_vp9.mkv",4.3603037474022255,4.420070311062386,4.300537183742065
"american_football_harmonic_2000kbps_1080p_59.94fps_h264.mp4",1.9217617838498726,1.8320206950716726,2.0115028726280726
"american_football_harmonic_2000kbps_1080p_59.94fps_hevc.mp4",2.9773381439909734,2.8009140930075196,3.153762194974427
"american_football_harmonic_2000kbps_1080p_59.94fps_vp9.mkv",3.0299116961726664,2.971285619573332,3.0885377727720003
"american_football_harmonic_2000kbps_720p_59.94fps_h264.mp4",2.602138281799278,2.4797191141450092,2.7245574494535467
"american_football_harmonic_2000kbps_720p_59.94fps_hevc.mp4",3.002431776053407,2.875674977549103,3.129188574557711
"american_football_harmonic_2000kbps_720p_59.94fps_vp9.mkv",3.0963174023846616,3.022153047930063,3.17048175683926
"american_football_harmonic_200kbps_360p_59.94fps_h264.mp4",1.9121636601329912,1.9181027584359542,1.9062245618300282
"american_football_harmonic_200kbps_360p_59.94fps_hevc.mp4",1.2634830240673227,1.3398707430034174,1.1870953051312283
"american_football_harmonic_200kbps_360p_59.94fps_vp9.mkv",1.2321334451156236,1.3920328996130018,1.0722339906182454
"american_football_harmonic_40000kbps_2160p_59.94fps_h264.mp4",4.349719337062402,4.383609579677019,4.3158290944477855
"american_football_harmonic_40000kbps_2160p_59.94fps_hevc.mp4",4.49147125119579,4.5555829549670515,4.427359547424529
"american_football_harmonic_40000kbps_2160p_59.94fps_vp9.mkv",4.51901626601271,4.648392056082586,4.3896404759428345
"american_football_harmonic_7500kbps_1080p_59.94fps_h264.mp4",3.6346156491888846,3.447744295360651,3.821487003017118
"american_football_harmonic_7500kbps_1080p_59.94fps_hevc.mp4",3.786696749185898,3.7136726901620647,3.859720808209731
"american_football_harmonic_7500kbps_1080p_59.94fps_vp9.mkv",3.8939348942065806,3.836851214986003,3.9510185734271577
"american_football_harmonic_7500kbps_2160p_59.94fps_h264.mp4",2.9978745790867887,2.7977001059111344,3.198049052262443
"american_football_harmonic_7500kbps_2160p_59.94fps_hevc.mp4",3.929803971058826,3.7964322288402745,4.063175713277378
"american_football_harmonic_7500kbps_2160p_59.94fps_vp9.mkv",4.008386350101352,4.0472788390841705,3.969493861118533
"american_football_harmonic_750kbps_360p_59.94fps_h264.mp4",1.7619756306432621,1.804224780388387,1.7197264808981374
"american_football_harmonic_750kbps_360p_59.94fps_hevc.mp4",2.133299675973205,2.194000492935177,2.072598859011233
"american_football_harmonic_750kbps_360p_59.94fps_vp9.mkv",2.156777124057302,2.3171123549426103,1.9964418931719936
"american_football_harmonic_750kbps_720p_59.94fps_h264.mp4",1.1435565187588956,1.103287620237888,1.1838254172799034
"american_football_harmonic_750kbps_720p_59.94fps_hevc.mp4",2.0168095005586015,2.0395675884779054,1.9940514126392976
"american_football_harmonic_750kbps_720p_59.94fps_vp9.mkv",2.1281872623773728,2.1403033385546775,2.116071186200068
"american_football_harmonic_8s_10244kbps_1080p_59.94fps_h264.mp4",3.9677045634537196,3.7833800657821945,4.152029061125244
"american_football_harmonic_8s_10244kbps_1080p_59.94fps_hevc.mp4",3.9057756880743,3.6896076485532685,4.1219437275953315
"american_football_harmonic_8s_10244kbps_1080p_59.94fps_vp9.mp4",3.9917106009654937,3.8843643786462314,4.099056823284756
"american_football_harmonic_8s_1138kbps_360p_59.94fps_h264.mp4",2.0961240429158376,2.1935602346758447,1.9986878511558306
"american_football_harmonic_8s_1138kbps_360p_59.94fps_hevc.mp4",2.0185173381540844,2.123631544054475,1.9134031322536944
"american_football_harmonic_8s_1138kbps_360p_59.94fps_vp9.mp4",2.1747341595268574,2.2769928746054404,2.072475444448274
"american_football_harmonic_8s_14930kbps_1080p_59.94fps_h264.mp4",4.13185779016373,3.9628710898660353,4.300844490461424
"american_football_harmonic_8s_14930kbps_1080p_59.94fps_hevc.mp4",4.074955698437573,3.8587876589165413,4.291123737958604
"american_football_harmonic_8s_14930kbps_1080p_59.94fps_vp9.mp4",4.058946575434885,3.9832400250359083,4.134653125833862
"american_football_harmonic_8s_1659kbps_360p_59.94fps_h264.mp4",2.3996787516500397,2.4442769480802196,2.3550805552198604
"american_football_harmonic_8s_1659kbps_360p_59.94fps_hevc.mp4",2.3403424280845346,2.3522664382439844,2.3284184179250844
"american_football_harmonic_8s_1659kbps_360p_59.94fps_vp9.mp4",2.4703335990872493,2.4777614657913474,2.4629057323831516
"american_football_harmonic_8s_22229kbps_2160p_59.94fps_h264.mp4",4.0140402442562095,4.259100427019894,3.7689800614925244
"american_football_harmonic_8s_22229kbps_2160p_59.94fps_hevc.mp4",4.250902846348222,4.269911030038239,4.231894662658204
"american_football_harmonic_8s_22229kbps_2160p_59.94fps_vp9.mp4",4.3673230790564705,4.504944554199676,4.2297016039132656
"american_football_harmonic_8s_2470kbps_720p_59.94fps_h264.mp4",2.8415688442770213,2.725719704485212,2.9574179840688304
"american_football_harmonic_8s_2470kbps_720p_59.94fps_hevc.mp4",2.790753777160255,2.656006945166852,2.9255006091536577
"american_football_harmonic_8s_2470kbps_720p_59.94fps_vp9.mp4",2.988617121817704,2.8777014582494416,3.099532785385967
"american_football_harmonic_8s_3484kbps_2160p_59.94fps_h264.mp4",1.0285714285714285,1.0571428571428572,1
"american_football_harmonic_8s_3484kbps_2160p_59.94fps_hevc.mp4",2.441179832725996,2.2185471859844945,2.6638124794674978
"american_football_harmonic_8s_3484kbps_2160p_59.94fps_vp9.mp4",3.1581449986244823,3.0321455935839445,3.28414440366502
"american_football_harmonic_8s_387kbps_720p_59.94fps_h264.mp4",1.531805023775843,1.6650158529064973,1.3985941946451885
"american_football_harmonic_8s_387kbps_720p_59.94fps_hevc.mp4",1.619617979465018,1.6650158529064973,1.5742201060235388
"american_football_harmonic_8s_387kbps_720p_59.94fps_vp9.mp4",1.5686226802743666,1.7235323791957728,1.4137129813529605
"american_football_harmonic_8s_40974kbps_2160p_59.94fps_h264.mp4",4.4883586856143385,4.546107488414171,4.430609882814507
"american_football_harmonic_8s_40974kbps_2160p_59.94fps_hevc.mp4",4.5225342360211025,4.530014166927327,4.515054305114878
"american_football_harmonic_8s_40974kbps_2160p_59.94fps_vp9.mp4",4.55253750463625,4.641218199047314,4.463856810225187
"american_football_harmonic_8s_4553kbps_720p_59.94fps_h264.mp4",3.3333967583181257,3.2142011399662067,3.4525923766700446
"american_football_harmonic_8s_4553kbps_720p_59.94fps_hevc.mp4",3.2699635785355285,3.0819611241193927,3.4579660329516644
"american_football_harmonic_8s_4553kbps_720p_59.94fps_vp9.mp4",3.3395976305867228,3.2948079754237263,3.3843872857497193
"american_football_harmonic_8s_5557kbps_1080p_59.94fps_h264.mp4",3.5334133224471405,3.343074377910923,3.7237522669833574
"american_football_harmonic_8s_5557kbps_1080p_59.94fps_hevc.mp4",3.5181358269060294,3.306321915217756,3.729949738594303
"american_football_harmonic_8s_5557kbps_1080p_59.94fps_vp9.mp4",3.673166252241118,3.612282600982794,3.7340499034994417
"american_football_harmonic_8s_59720kbps_2160p_59.94fps_h264.mp4",4.569072660239202,4.657354586025765,4.480790734452641
"american_football_harmonic_8s_59720kbps_2160p_59.94fps_hevc.mp4",4.598928033580366,4.639793801647168,4.558062265513563
"american_football_harmonic_8s_59720kbps_2160p_59.94fps_vp9.mp4",4.608126676600684,4.691393285342528,4.524860067858841
"american_football_harmonic_8s_617kbps_360p_59.94fps_h264.mp4",1.590124661886034,1.6441448700950225,1.5361044536770456
"american_football_harmonic_8s_617kbps_360p_59.94fps_hevc.mp4",1.6087294683264604,1.7265691122545443,1.4908898243983764
"american_football_harmonic_8s_617kbps_360p_59.94fps_vp9.mp4",1.691518170240283,1.8262781960710126,1.5567581444095533
"american_football_harmonic_8s_6635kbps_720p_59.94fps_h264.mp4",3.5611847967708683,3.424739297300894,3.6976302962408427
"american_football_harmonic_8s_6635kbps_720p_59.94fps_hevc.mp4",3.501440144464807,3.2914693271323645,3.711410961797249
"american_football_harmonic_8s_6635kbps_720p_59.94fps_vp9.mp4",3.5349951254315517,3.4517059155901992,3.618284335272904
"american_football_harmonic_8s_871kbps_1080p_59.94fps_h264.mp4",1.2653238985754938,1.2845016095545805,1.246146187596407
"american_football_harmonic_8s_871kbps_1080p_59.94fps_hevc.mp4",1.2711437556994856,1.2237813427030875,1.3185061686958834
"american_football_harmonic_8s_871kbps_1080p_59.94fps_vp9.mp4",2.02147728348749,2.126780076575857,1.916174490399123
"american_football_harmonic_8s_97kbps_360p_59.94fps_h264.mp4",2.6161776776928463,2.8115676344895055,2.420787720896187
"american_football_harmonic_8s_97kbps_360p_59.94fps_hevc.mp4",2.6148569405965993,2.8115676344895055,2.4181462467036927
"american_football_harmonic_8s_97kbps_360p_59.94fps_vp9.mp4",1.1798772134451843,1.2229380030914319,1.1368164237989367
"bigbuck_bunny_8bit_15000kbps_1080p_60.0fps_h264.mp4",4.208691924591056,4.123648158257005,4.293735690925107
"bigbuck_bunny_8bit_15000kbps_1080p_60.0fps_hevc.mp4",4.2718505053075395,4.160676981222538,4.383024029392541
"bigbuck_bunny_8bit_15000kbps_1080p_60.0fps_vp9.mkv",4.238233901143428,4.152172596488563,4.324295205798292
"bigbuck_bunny_8bit_15000kbps_2160p_60.0fps_h264.mp4",4.575867782503651,4.587993193222548,4.563742371784754
"bigbuck_bunny_8bit_15000kbps_2160p_60.0fps_hevc.mp4",4.664732059667967,4.696975593456878,4.632488525879055
"bigbuck_bunny_8bit_15000kbps_2160p_60.0fps_vp9.mkv",4.572729997484338,4.706978089030992,4.438481905937684
"bigbuck_bunny_8bit_2000kbps_1080p_60.0fps_h264.mp4",3.507706429941674,3.3973885715892425,3.6180242882941056
"bigbuck_bunny_8bit_2000kbps_1080p_60.0fps_hevc.mp4",3.830752898683298,3.730022492328491,3.9314833050381055
"bigbuck_bunny_8bit_2000kbps_1080p_60.0fps_vp9.mkv",3.771168280718394,3.6858954466260117,3.8564411148107767
"bigbuck_bunny_8bit_2000kbps_720p_60.0fps_h264.mp4",3.3742578365597122,3.2625797055434598,3.485935967575965
"bigbuck_bunny_8bit_2000kbps_720p_60.0fps_hevc.mp4",3.563652225992869,3.454268681294864,3.6730357706908743
"bigbuck_bunny_8bit_2000kbps_720p_60.0fps_vp9.mkv",3.531309616579849,3.4310192695264488,3.6315999636332497
"bigbuck_bunny_8bit_200kbps_360p_60.0fps_h264.mp4",1.3098376356770043,1.2941725497354866,1.325502721618522
"bigbuck_bunny_8bit_200kbps_360p_60.0fps_hevc.mp4",1.8559428977167889,1.906872029468587,1.8050137659649907
"bigbuck_bunny_8bit_200kbps_360p_60.0fps_vp9.mkv",1.3682430845642901,1.495893169631476,1.2405929994971043
"bigbuck_bunny_8bit_40000kbps_2160p_60.0fps_h264.mp4",4.763888088362354,4.750977193655187,4.77679898306952
"bigbuck_bunny_8bit_40000kbps_2160p_60.0fps_hevc.mp4",4.781482622758414,4.784644798092531,4.778320447424298
"bigbuck_bunny_8bit_40000kbps_2160p_60.0fps_vp9.mkv",4.579931964119834,4.778900991053159,4.380962937186509
"bigbuck_bunny_8bit_7500kbps_1080p_60.0fps_h264.mp4",4.195903498774038,3.9995952863072204,4.392211711240855
"bigbuck_bunny_8bit_7500kbps_1080p_60.0fps_hevc.mp4",4.192206631174081,4.09186938854942,4.292543873798741
"bigbuck_bunny_8bit_7500kbps_1080p_60.0fps_vp9.mkv",4.165610824102848,4.103007318261123,4.228214329944573
"bigbuck_bunny_8bit_7500kbps_2160p_60.0fps_h264.mp4",4.328800959192556,4.327143497253987,4.330458421131126
"bigbuck_bunny_8bit_7500kbps_2160p_60.0fps_hevc.mp4",4.497088135963596,4.552490474092856,4.441685797834334
"bigbuck_bunny_8bit_7500kbps_2160p_60.0fps_vp9.mkv",4.434336738182438,4.536483314387141,4.332190161977734
"bigbuck_bunny_8bit_750kbps_360p_60.0fps_h264.mp4",2.3227814920179575,2.3378143041231096,2.3077486799128053
"bigbuck_bunny_8bit_750kbps_360p_60.0fps_hevc.mp4",2.5015037256925154,2.6049981363452637,2.3980093150397668
"bigbuck_bunny_8bit_750kbps_360p_60.0fps_vp9.mkv",2.402070965551314,2.5589183629535475,2.245223568149081
"bigbuck_bunny_8bit_750kbps_720p_60.0fps_h264.mp4",2.6291639046564157,2.558438043467654,2.6998897658451777
"bigbuck_bunny_8bit_750kbps_720p_60.0fps_hevc.mp4",3.0727769304318615,3.0027907508746416,3.142763109989082
"bigbuck_bunny_8bit_750kbps_720p_60.0fps_vp9.mkv",2.7148359805910642,2.727602995820532,2.7020689653615966
"cutting_orange_tuil_15000kbps_1080p_59.94fps_h264.mp4",4.184448645998566,4.074311493966443,4.294585798030691
"cutting_orange_tuil_15000kbps_1080p_59.94fps_hevc.mp4",4.2471547002192525,4.152720890311132,4.341588510127373
"cutting_orange_tuil_15000kbps_1080p_59.94fps_vp9.mkv",4.104784917281194,4.145895465394483,4.063674369167904
"cutting_orange_tuil_15000kbps_2160p_59.94fps_h264.mp4",4.3730846949870905,4.497960776898099,4.248208613076083
"cutting_orange_tuil_15000kbps_2160p_59.94fps_hevc.mp4",4.564333522270376,4.672545921525078,4.456121123015674
"cutting_orange_tuil_15000kbps_2160p_59.94fps_vp9.mkv",4.493887301318713,4.679895659426824,4.307878943210603
"cutting_orange_tuil_2000kbps_1080p_59.94fps_h264.mp4",3.674531775895849,3.604419596639293,3.7446439551524042
"cutting_orange_tuil_2000kbps_1080p_59.94fps_hevc.mp4",3.937224778332348,3.8549250917852493,4.019524464879447
"cutting_orange_tuil_2000kbps_1080p_59.94fps_vp9.mkv",3.9231360582126777,3.8954714539086033,3.950800662516752
"cutting_orange_tuil_2000kbps_720p_59.94fps_h264.mp4",3.4770088237700327,3.3846315528167192,3.5693860947233462
"cutting_orange_tuil_2000kbps_720p_59.94fps_hevc.mp4",3.62682805155534,3.518889687352416,3.734766415758264
"cutting_orange_tuil_2000kbps_720p_59.94fps_vp9.mkv",3.6187026661568016,3.562651126651103,3.6747542056625004
"cutting_orange_tuil_200kbps_360p_59.94fps_h264.mp4",1.9101628514071933,2.030299144236394,1.7900265585779929
"cutting_orange_tuil_200kbps_360p_59.94fps_hevc.mp4",1.7414329338051657,1.8517100859718307,1.6311557816385007
"cutting_orange_tuil_200kbps_360p_59.94fps_vp9.mkv",2.1570098952722083,2.291757838934134,2.0222619516102824
"cutting_orange_tuil_40000kbps_2160p_59.94fps_h264.mp4",4.594802832600356,4.648198275588429,4.541407389612283
"cutting_orange_tuil_40000kbps_2160p_59.94fps_hevc.mp4",4.681503373204258,4.748150932121997,4.6148558142865195
"cutting_orange_tuil_40000kbps_2160p_59.94fps_vp9.mkv",4.700551854876082,4.757017743736233,4.64408596601593
"cutting_orange_tuil_7500kbps_1080p_59.94fps_h264.mp4",4.023764288898395,3.9910263185067145,4.056502259290075
"cutting_orange_tuil_7500kbps_1080p_59.94fps_hevc.mp4",4.192701719133764,4.105369639209854,4.280033799057674
"cutting_orange_tuil_7500kbps_1080p_59.94fps_vp9.mkv",4.154575305687938,4.120587484710363,4.188563126665515
"cutting_orange_tuil_7500kbps_2160p_59.94fps_h264.mp4",4.284679803344024,4.318543009519725,4.250816597168323
"cutting_orange_tuil_7500kbps_2160p_59.94fps_hevc.mp4",4.459942674497231,4.562854580840952,4.35703076815351
"cutting_orange_tuil_7500kbps_2160p_59.94fps_vp9.mkv",4.248171116589363,4.559123597582113,3.9372186355966137
"cutting_orange_tuil_750kbps_360p_59.94fps_h264.mp4",2.509047560693899,2.5940090543719485,2.4240860670158497
"cutting_orange_tuil_750kbps_360p_59.94fps_hevc.mp4",2.6030194860019087,2.6583270694959253,2.5477119025078916
"cutting_orange_tuil_750kbps_360p_59.94fps_vp9.mkv",2.6057461178711554,2.724203475799773,2.4872887599425377
"cutting_orange_tuil_750kbps_720p_59.94fps_h264.mp4",2.7723410269580535,2.951192162430315,2.5934898914857922
"cutting_orange_tuil_750kbps_720p_59.94fps_hevc.mp4",3.1774020178355773,3.2005904273272114,3.1542136083439427
"cutting_orange_tuil_750kbps_720p_59.94fps_vp9.mkv",3.2748861910326843,3.291356721608285,3.258415660457084
"cutting_orange_tuil_8s_10244kbps_1080p_59.94fps_h264.mp4",4.246385604490027,4.317992369428035,4.174778839552019
"cutting_orange_tuil_8s_10244kbps_1080p_59.94fps_hevc.mp4",4.3145649467244755,4.196789060825981,4.432340832622971
"cutting_orange_tuil_8s_10244kbps_1080p_59.94fps_vp9.mp4",4.128199843388293,4.116777585525568,4.139622101251018
"cutting_orange_tuil_8s_1138kbps_360p_59.94fps_h264.mp4",2.830040483355023,2.926539934070978,2.7335410326390677
"cutting_orange_tuil_8s_1138kbps_360p_59.94fps_hevc.mp4",2.7133011530905877,2.776694368793346,2.649907937387829
"cutting_orange_tuil_8s_1138kbps_360p_59.94fps_vp9.mp4",2.6887226949591962,2.7229672367067264,2.6544781532116666
"cutting_orange_tuil_8s_14930kbps_1080p_59.94fps_h264.mp4",4.380816799851285,4.37611795089177,4.385515648810801
"cutting_orange_tuil_8s_14930kbps_1080p_59.94fps_hevc.mp4",4.340435137858929,4.258068663196699,4.422801612521159
"cutting_orange_tuil_8s_14930kbps_1080p_59.94fps_vp9.mp4",4.127347992020489,4.13112202739525,4.123573956645728
"cutting_orange_tuil_8s_1659kbps_360p_59.94fps_h264.mp4",2.9352110189049414,3.0353224516673687,2.8350995861425146
"cutting_orange_tuil_8s_1659kbps_360p_59.94fps_hevc.mp4",2.785352954975718,2.8805038644451386,2.6902020455062976
"cutting_orange_tuil_8s_1659kbps_360p_59.94fps_vp9.mp4",2.794936089616929,2.7805974902774406,2.8092746889564166
"cutting_orange_tuil_8s_22229kbps_2160p_59.94fps_h264.mp4",4.704900288900376,4.804978328547444,4.604822249253309
"cutting_orange_tuil_8s_22229kbps_2160p_59.94fps_hevc.mp4",4.642319178335648,4.745250985822237,4.5393873708490595
"cutting_orange_tuil_8s_22229kbps_2160p_59.94fps_vp9.mp4",4.615376876765694,4.696845482054962,4.533908271476427
"cutting_orange_tuil_8s_2470kbps_720p_59.94fps_h264.mp4",3.7306507199003898,3.654760940948716,3.806540498852064
"cutting_orange_tuil_8s_2470kbps_720p_59.94fps_hevc.mp4",3.6258160343467054,3.5178776701437813,3.733754398549629
"cutting_orange_tuil_8s_2470kbps_720p_59.94fps_vp9.mp4",3.601376472776905,3.524938640419595,3.6778143051342145
"cutting_orange_tuil_8s_3484kbps_2160p_59.94fps_h264.mp4",3.8635284934295857,3.8310364517446143,3.8960205351145567
"cutting_orange_tuil_8s_3484kbps_2160p_59.94fps_hevc.mp4",4.0480370231350316,4.027996574775232,4.068077471494831
"cutting_orange_tuil_8s_3484kbps_2160p_59.94fps_vp9.mp4",4.046707856454127,4.245050139837706,3.8483655730705473
"cutting_orange_tuil_8s_387kbps_720p_59.94fps_h264.mp4",1.97509411762222,2.1219264059339586,1.8282618293104815
"cutting_orange_tuil_8s_387kbps_720p_59.94fps_hevc.mp4",2.1150599449601186,2.0776177126723283,2.1525021772479085
"cutting_orange_tuil_8s_387kbps_720p_59.94fps_vp9.mp4",2.0193039354659357,2.125350391588038,1.9132574793438333
"cutting_orange_tuil_8s_40974kbps_2160p_59.94fps_h264.mp4",4.789952127393801,4.885163175621864,4.694741079165738
"cutting_orange_tuil_8s_40974kbps_2160p_59.94fps_hevc.mp4",4.678385808517801,4.8109273630260265,4.545844254009575
"cutting_orange_tuil_8s_40974kbps_2160p_59.94fps_vp9.mp4",4.6466858287078185,4.73716642652586,4.556205230889778
"cutting_orange_tuil_8s_4553kbps_720p_59.94fps_h264.mp4",3.9306768739641376,3.846683616560683,4.014670131367592
"cutting_orange_tuil_8s_4553kbps_720p_59.94fps_hevc.mp4",3.790892243416348,3.69483736260769,3.8869471242250055
"cutting_orange_tuil_8s_4553kbps_720p_59.94fps_vp9.mp4",3.7015791423222506,3.6276652762753243,3.7754930083691773
"cutting_orange_tuil_8s_5557kbps_1080p_59.94fps_h264.mp4",4.104619553385074,4.17161834550518,4.037620761264968
"cutting_orange_tuil_8s_5557kbps_1080p_59.94fps_hevc.mp4",4.137348597993844,4.065631929187176,4.209065266800512
"cutting_orange_tuil_8s_5557kbps_1080p_59.94fps_vp9.mp4",4.049571961307482,4.057737141675382,4.041406780939583
"cutting_orange_tuil_8s_59720kbps_2160p_59.94fps_h264.mp4",4.846408073694963,4.912038168945905,4.7807779784440205
"cutting_orange_tuil_8s_59720kbps_2160p_59.94fps_hevc.mp4",4.724792814269605,4.842260324186331,4.60732530435288
"cutting_orange_tuil_8s_59720kbps_2160p_59.94fps_vp9.mp4",4.678664843739874,4.753269463893179,4.604060223586569
"cutting_orange_tuil_8s_617kbps_360p_59.94fps_h264.mp4",2.572277894781422,2.676298065790697,2.4682577237721475
"cutting_orange_tuil_8s_617kbps_360p_59.94fps_hevc.mp4",2.48106595299566,2.5252056944897783,2.4369262115015413
"cutting_orange_tuil_8s_617kbps_360p_59.94fps_vp9.mp4",2.440116164996507,2.587369507391637,2.2928628226013767
"cutting_orange_tuil_8s_6635kbps_720p_59.94fps_h264.mp4",3.93786200168718,3.919118691514366,3.9566053118599944
"cutting_orange_tuil_8s_6635kbps_720p_59.94fps_hevc.mp4",3.85024070409803,3.7639981826924265,3.9364832255036335
"cutting_orange_tuil_8s_6635kbps_720p_59.94fps_vp9.mp4",3.7378318748573824,3.6492778698005073,3.8263858799142576
"cutting_orange_tuil_8s_871kbps_1080p_59.94fps_h264.mp4",2.596590356482171,2.7235787946513588,2.4696019183129834
"cutting_orange_tuil_8s_871kbps_1080p_59.94fps_hevc.mp4",2.7586327742791226,2.8015048735892,2.715760674969045
"cutting_orange_tuil_8s_871kbps_1080p_59.94fps_vp9.mp4",2.9456318112796525,3.0068997216816022,2.8843639008777027
"cutting_orange_tuil_8s_97kbps_360p_59.94fps_h264.mp4",1.1670591324253747,1.2361694611393623,1.097948803711387
"cutting_orange_tuil_8s_97kbps_360p_59.94fps_hevc.mp4",1.0652110067230731,1.1304220134461462,1
"cutting_orange_tuil_8s_97kbps_360p_59.94fps_vp9.mp4",1.1789159702990033,1.2922447798852892,1.0655871607127176
"fr-041_debris_3840x2160_60p_422_ffvhuff_4_8s_1000kbps_360p_24.0fps_hevc.mp4",1.3955406992494095,1.4617880335504536,1.3292933649483654
"fr-041_debris_3840x2160_60p_422_ffvhuff_4_8s_1000kbps_480p_15.0fps_hevc.mp4",1.4575833297146308,1.3930775546494094,1.5220891047798524
"fr-041_debris_3840x2160_60p_422_ffvhuff_4_8s_1000kbps_480p_24.0fps_hevc.mp4",1.4622524923690348,1.4115582653637608,1.512946719374309
"fr-041_debris_3840x2160_60p_422_ffvhuff_4_8s_1000kbps_720p_24.0fps_hevc.mp4",1.2551954519000723,1.1831527407330253,1.3272381630671193
"fr-041_debris_3840x2160_60p_422_ffvhuff_4_8s_15000kbps_2160p_60.0fps_hevc.mp4",3.0778241047399417,2.9579224298412843,3.1977257796385987
"fr-041_debris_3840x2160_60p_422_ffvhuff_4_8s_2000kbps_1080p_24.0fps_hevc.mp4",1.482897141697678,1.3905609620405053,1.5752333213548506
"fr-041_debris_3840x2160_60p_422_ffvhuff_4_8s_2000kbps_480p_24.0fps_hevc.mp4",2.0067215129188583,1.864020719629214,2.1494223062085025
"fr-041_debris_3840x2160_60p_422_ffvhuff_4_8s_2000kbps_720p_24.0fps_hevc.mp4",1.876177259513478,1.7334764662238338,2.0188780528031223
"fr-041_debris_3840x2160_60p_422_ffvhuff_4_8s_2000kbps_720p_30.0fps_hevc.mp4",1.8298709820214007,1.6978493744413976,1.9618925896014037
"fr-041_debris_3840x2160_60p_422_ffvhuff_4_8s_200kbps_360p_15.0fps_hevc.mp4",1.0497938665085609,1.0995877330171218,1
"fr-041_debris_3840x2160_60p_422_ffvhuff_4_8s_4000kbps_1080p_24.0fps_hevc.mp4",2.2757206928903138,2.1940750999220704,2.357366285858557
"fr-041_debris_3840x2160_60p_422_ffvhuff_4_8s_4000kbps_1080p_30.0fps_hevc.mp4",2.2145082598996426,2.141725538538818,2.2872909812604676
"fr-041_debris_3840x2160_60p_422_ffvhuff_4_8s_4000kbps_1440p_30.0fps_hevc.mp4",1.9159438010296537,1.8328113863876154,1.9990762156716921
"fr-041_debris_3840x2160_60p_422_ffvhuff_4_8s_4000kbps_720p_30.0fps_hevc.mp4",2.4047143247189178,2.3418223393971633,2.467606310040672
"fr-041_debris_3840x2160_60p_422_ffvhuff_4_8s_500kbps_360p_15.0fps_hevc.mp4",1.1001380718349292,1.1408539477684396,1.0594221959014187
"fr-041_debris_3840x2160_60p_422_ffvhuff_4_8s_500kbps_360p_24.0fps_hevc.mp4",1.1217398019944977,1.1556103255434818,1.0878692784455137
"fr-041_debris_3840x2160_60p_422_ffvhuff_4_8s_500kbps_480p_15.0fps_hevc.mp4",1.1624017555892094,1.0919864039505394,1.2328171072278793
"fr-041_debris_3840x2160_60p_422_ffvhuff_4_8s_6000kbps_1080p_30.0fps_hevc.mp4",2.68101323292256,2.602594670660311,2.759431795184809
"fr-041_debris_3840x2160_60p_422_ffvhuff_4_8s_6000kbps_1440p_30.0fps_hevc.mp4",2.4946747515565906,2.410943115794349,2.5784063873188323
"fr-041_debris_3840x2160_60p_422_ffvhuff_4_8s_6000kbps_1440p_60.0fps_hevc.mp4",2.273608307415648,2.173994529578759,2.3732220852525368
"fr-041_debris_3840x2160_60p_422_ffvhuff_4_8s_6000kbps_2160p_30.0fps_hevc.mp4",1.7675859894458315,1.7007554667320002,1.8344165121596625
"fr-041_debris_3840x2160_60p_422_ffvhuff_4_8s_8000kbps_1440p_60.0fps_hevc.mp4",2.6638387923826903,2.5685926213889605,2.7590849633764205
"fr-041_debris_3840x2160_60p_422_ffvhuff_4_8s_8000kbps_2160p_30.0fps_hevc.mp4",2.354465439269393,2.2592218839705756,2.4497089945682107
"fr-041_debris_3840x2160_60p_422_ffvhuff_4_8s_8000kbps_2160p_60.0fps_hevc.mp4",1.8546288474660189,1.7467203740818111,1.9625373208502266
"monkeys_harmonic_0_cropped_8s_1000kbps_360p_24.0fps_hevc.mp4",2.0161757505965063,2.149626321549958,1.8827251796430546
"monkeys_harmonic_0_cropped_8s_1000kbps_480p_15.0fps_hevc.mp4",2.2000469594448666,2.098240503780735,2.301853415108998
"monkeys_harmonic_0_cropped_8s_1000kbps_480p_24.0fps_hevc.mp4",2.2406446671359332,2.227036352162227,2.2542529821096395
"monkeys_harmonic_0_cropped_8s_1000kbps_720p_24.0fps_hevc.mp4",2.3753563783541845,2.2128934956218265,2.537819261086542
"monkeys_harmonic_0_cropped_8s_15000kbps_2160p_59.94fps_hevc.mp4",4.257188494891581,4.291190404672916,4.223186585110247
"monkeys_harmonic_0_cropped_8s_2000kbps_1080p_24.0fps_hevc.mp4",2.833751674557428,2.7284108566368586,2.9390924924779975
"monkeys_harmonic_0_cropped_8s_2000kbps_480p_24.0fps_hevc.mp4",2.663206692677919,2.5686455865211255,2.757767798834713
"monkeys_harmonic_0_cropped_8s_2000kbps_720p_24.0fps_hevc.mp4",2.804612558893886,2.6992848220868533,2.9099402957009186
"monkeys_harmonic_0_cropped_8s_2000kbps_720p_30.0fps_hevc.mp4",2.8685465226371827,2.7584090963118966,2.9786839489624692
"monkeys_harmonic_0_cropped_8s_200kbps_360p_15.0fps_hevc.mp4",1.159793223737937,1.2145673214574335,1.1050191260184403
"monkeys_harmonic_0_cropped_8s_4000kbps_1080p_24.0fps_hevc.mp4",3.3738927994209362,3.235079746887642,3.5127058519542302
"monkeys_harmonic_0_cropped_8s_4000kbps_1080p_30.0fps_hevc.mp4",3.424088077815644,3.2999457044523,3.548230451178988
"monkeys_harmonic_0_cropped_8s_4000kbps_1440p_30.0fps_hevc.mp4",3.496370119217165,3.352235203922311,3.6405050345120182
"monkeys_harmonic_0_cropped_8s_4000kbps_720p_30.0fps_hevc.mp4",3.245114450960925,3.1262787018225624,3.363950200099288
"monkeys_harmonic_0_cropped_8s_500kbps_360p_15.0fps_hevc.mp4",1.600008449688839,1.6958962363821208,1.504120662995557
"monkeys_harmonic_0_cropped_8s_500kbps_360p_24.0fps_hevc.mp4",1.6911350093668593,1.8018444351269043,1.5804255836068146
"monkeys_harmonic_0_cropped_8s_500kbps_480p_15.0fps_hevc.mp4",1.7120900639051997,1.6913385883585574,1.7328415394518422
"monkeys_harmonic_0_cropped_8s_6000kbps_1080p_30.0fps_hevc.mp4",3.680326910242406,3.5247472779420272,3.835906542542784
"monkeys_harmonic_0_cropped_8s_6000kbps_1440p_30.0fps_hevc.mp4",3.827330297862831,3.6470703031167746,4.007590292608888
"monkeys_harmonic_0_cropped_8s_6000kbps_1440p_59.94fps_hevc.mp4",3.825944654699528,3.6704149996346263,3.98147430976443
"monkeys_harmonic_0_cropped_8s_6000kbps_2160p_30.0fps_hevc.mp4",3.7791744628647237,3.6208191345397474,3.9375297911897
"monkeys_harmonic_0_cropped_8s_8000kbps_1440p_59.94fps_hevc.mp4",4.062037923420638,3.8912387705077878,4.232837076333487
"monkeys_harmonic_0_cropped_8s_8000kbps_2160p_30.0fps_hevc.mp4",4.01921736352941,3.850418540403107,4.188016186655714
"monkeys_harmonic_0_cropped_8s_8000kbps_2160p_59.94fps_hevc.mp4",3.986139791921243,3.8234529785123565,4.14882660533013
"surfing_sony_8bit_15000kbps_1080p_59.94fps_h264.mp4",3.838665365827431,3.73919043424387,3.9381402974109916
"surfing_sony_8bit_15000kbps_1080p_59.94fps_hevc.mp4",4.000125038607418,3.866823630626538,4.133426446588299
"surfing_sony_8bit_15000kbps_1080p_59.94fps_vp9.mkv",4.087507548341497,3.966038560122673,4.208976536560321
"surfing_sony_8bit_15000kbps_2160p_59.94fps_h264.mp4",3.816573601723631,3.7424931321997934,3.890654071247468
"surfing_sony_8bit_15000kbps_2160p_59.94fps_hevc.mp4",4.205183219962146,4.100596774265728,4.309769665658564
"surfing_sony_8bit_15000kbps_2160p_59.94fps_vp9.mkv",4.182093528929887,4.203079847444348,4.161107210415426
"surfing_sony_8bit_2000kbps_1080p_59.94fps_h264.mp4",2.3705481457551825,2.4056216735636156,2.335474617946749
"surfing_sony_8bit_2000kbps_1080p_59.94fps_hevc.mp4",3.063403137177986,2.955531022231024,3.171275252124948
"surfing_sony_8bit_2000kbps_1080p_59.94fps_vp9.mkv",2.9211786199424097,2.9522855206360816,2.8900717192487373
"surfing_sony_8bit_2000kbps_720p_59.94fps_h264.mp4",2.6813104173139743,2.6220246539672485,2.7405961806607
"surfing_sony_8bit_2000kbps_720p_59.94fps_hevc.mp4",2.9692807067469755,2.8459787348139995,3.0925826786799515
"surfing_sony_8bit_2000kbps_720p_59.94fps_vp9.mkv",3.0389772253663287,3.0132613932113395,3.064693057521318
"surfing_sony_8bit_200kbps_360p_59.94fps_h264.mp4",1.281018847581549,1.4317216667466885,1.1303160284164095
"surfing_sony_8bit_200kbps_360p_59.94fps_hevc.mp4",1.438304058533458,1.4284205087109327,1.4481876083559835
"surfing_sony_8bit_200kbps_360p_59.94fps_vp9.mkv",1.4491812814692417,1.540990410900446,1.3573721520380375
"surfing_sony_8bit_40000kbps_2160p_59.94fps_h264.mp4",4.19016152052602,4.32546304569966,4.054859995352381
"surfing_sony_8bit_40000kbps_2160p_59.94fps_hevc.mp4",4.512139960579146,4.515873147259944,4.508406773898349
"surfing_sony_8bit_40000kbps_2160p_59.94fps_vp9.mkv",4.426850596466557,4.554759898183617,4.298941294749497
"surfing_sony_8bit_7500kbps_1080p_59.94fps_h264.mp4",3.497903738000616,3.4055307964437826,3.59027667955745
"surfing_sony_8bit_7500kbps_1080p_59.94fps_hevc.mp4",3.741318001798064,3.6253993869884655,3.8572366166076626
"surfing_sony_8bit_7500kbps_1080p_59.94fps_vp9.mkv",3.827995429055061,3.769141560659836,3.8868492974502855
"surfing_sony_8bit_7500kbps_2160p_59.94fps_h264.mp4",3.2093007669291342,3.072880246221244,3.3457212876370246
"surfing_sony_8bit_7500kbps_2160p_59.94fps_hevc.mp4",3.798129705904683,3.678453281384853,3.917806130424513
"surfing_sony_8bit_7500kbps_2160p_59.94fps_vp9.mkv",3.6326327786227623,3.6999226216152112,3.5653429356303135
"surfing_sony_8bit_750kbps_360p_59.94fps_h264.mp4",2.0050907521287447,2.0925396507840075,1.9176418534734818
"surfing_sony_8bit_750kbps_360p_59.94fps_hevc.mp4",2.1832273458774014,2.219545030182527,2.146909661572276
"surfing_sony_8bit_750kbps_360p_59.94fps_vp9.mkv",2.1394926949534625,2.3783801999504695,1.9006051899564553
"surfing_sony_8bit_750kbps_720p_59.94fps_h264.mp4",1.8539335503161976,1.9117985556307295,1.7960685450016654
"surfing_sony_8bit_750kbps_720p_59.94fps_hevc.mp4",2.1587523437199474,2.11904481359122,2.1984598738486754
"surfing_sony_8bit_750kbps_720p_59.94fps_vp9.mkv",2.210176027642419,2.227479089423425,2.1928729658614134
"test_video_h264.mkv",4.086734715316158,4.16292374098929,4.010545689643026
"vegetables_tuil_15000kbps_1080p_59.94fps_h264.mp4",4.062724066434738,4.101478421395681,4.023969711473795
"vegetables_tuil_15000kbps_1080p_59.94fps_hevc.mp4",4.2340229733881465,4.161320011534963,4.30672593524133
"vegetables_tuil_15000kbps_1080p_59.94fps_vp9.mkv",4.15256400796059,4.149900505813778,4.155227510107403
"vegetables_tuil_15000kbps_2160p_59.94fps_h264.mp4",4.3879570363395,4.546248137416506,4.229665935262495
"vegetables_tuil_15000kbps_2160p_59.94fps_hevc.mp4",4.590234470046174,4.691036957443473,4.489431982648875
"vegetables_tuil_15000kbps_2160p_59.94fps_vp9.mkv",4.526760924339447,4.701167925448891,4.352353923230004
"vegetables_tuil_2000kbps_1080p_59.94fps_h264.mp4",3.637892330871794,3.7040723089559893,3.5717123527875985
"vegetables_tuil_2000kbps_1080p_59.94fps_hevc.mp4",3.9675642584398014,3.9497739725280603,3.9853545443515426
"vegetables_tuil_2000kbps_1080p_59.94fps_vp9.mkv",3.9541464405982154,3.9426986775077024,3.965594203688729
"vegetables_tuil_2000kbps_720p_59.94fps_h264.mp4",3.4470077014114455,3.427986307947649,3.4660290948752417
"vegetables_tuil_2000kbps_720p_59.94fps_hevc.mp4",3.6764668976467183,3.5795573949095494,3.7733764003838877
"vegetables_tuil_2000kbps_720p_59.94fps_vp9.mkv",3.671390341342851,3.5867204100449634,3.7560602726407386
"vegetables_tuil_200kbps_360p_59.94fps_h264.mp4",1.8251876364285406,1.9809118774238836,1.6694633954331979
"vegetables_tuil_200kbps_360p_59.94fps_hevc.mp4",2.112574363682401,2.218576578388591,2.006572148976211
"vegetables_tuil_200kbps_360p_59.94fps_vp9.mkv",2.0953471941398014,2.295983311221971,1.8947110770576314
"vegetables_tuil_40000kbps_2160p_59.94fps_h264.mp4",4.558847784899399,4.669859548616264,4.447836021182533
"vegetables_tuil_40000kbps_2160p_59.94fps_hevc.mp4",4.688062703764967,4.7571252304339735,4.61900017709596
"vegetables_tuil_40000kbps_2160p_59.94fps_vp9.mkv",4.6150279019645755,4.765442234956009,4.464613568973143
"vegetables_tuil_7500kbps_1080p_59.94fps_h264.mp4",3.942816762058067,4.028444826220901,3.8571886978952334
"vegetables_tuil_7500kbps_1080p_59.94fps_hevc.mp4",4.207275281948136,4.12594177711656,4.2886087867797125
"vegetables_tuil_7500kbps_1080p_59.94fps_vp9.mkv",4.09001840445675,4.130054167078013,4.049982641835487
"vegetables_tuil_7500kbps_2160p_59.94fps_h264.mp4",4.270937080389388,4.397093782938353,4.144780377840423
"vegetables_tuil_7500kbps_2160p_59.94fps_hevc.mp4",4.461645472637587,4.608590437544374,4.314700507730799
"vegetables_tuil_7500kbps_2160p_59.94fps_vp9.mkv",4.495713513404431,4.6072311972194795,4.384195829589383
"vegetables_tuil_750kbps_360p_59.94fps_h264.mp4",2.53080075907489,2.600018731497686,2.461582786652095
"vegetables_tuil_750kbps_360p_59.94fps_hevc.mp4",2.678211431454515,2.7151081513277298,2.6413147115813005
"vegetables_tuil_750kbps_360p_59.94fps_vp9.mkv",2.5040695690559662,2.726122508601717,2.282016629510215
"vegetables_tuil_750kbps_720p_59.94fps_h264.mp4",2.8154472125159806,2.9723064655073053,2.658587959524656
"vegetables_tuil_750kbps_720p_59.94fps_hevc.mp4",3.1331101546010514,3.304114073225251,2.962106235976852
"vegetables_tuil_750kbps_720p_59.94fps_vp9.mkv",3.176647568699403,3.3367724168651685,3.0165227205336382
"venice_harmonic_2_cropped_8s_1000kbps_360p_24.0fps_hevc.mp4",2.2031790837928735,2.187257439475254,2.2191007281104933
"venice_harmonic_2_cropped_8s_1000kbps_480p_15.0fps_hevc.mp4",2.2818906646344095,2.1923484355206835,2.3714328937481355
"venice_harmonic_2_cropped_8s_1000kbps_480p_24.0fps_hevc.mp4",2.392050885249991,2.3196445007178266,2.464457269782155
"venice_harmonic_2_cropped_8s_1000kbps_720p_24.0fps_hevc.mp4",2.50740914144317,2.4325901950315822,2.5822280878547583
"venice_harmonic_2_cropped_8s_15000kbps_2160p_59.94fps_hevc.mp4",4.486870542319851,4.606531571312297,4.367209513327404
"venice_harmonic_2_cropped_8s_2000kbps_1080p_24.0fps_hevc.mp4",3.186974546283504,3.0762535262181725,3.297695566348835
"venice_harmonic_2_cropped_8s_2000kbps_480p_24.0fps_hevc.mp4",2.749067705028522,2.6437399682214893,2.8543954418355546
"venice_harmonic_2_cropped_8s_2000kbps_720p_24.0fps_hevc.mp4",3.019929065661753,2.908346458841385,3.1315116724821204
"venice_harmonic_2_cropped_8s_2000kbps_720p_30.0fps_hevc.mp4",3.0816545258077843,2.9715170994824978,3.1917919521330704
"venice_harmonic_2_cropped_8s_200kbps_360p_15.0fps_hevc.mp4",1.202717756148254,1.2571756907789806,1.1482598215175275
"venice_harmonic_2_cropped_8s_4000kbps_1080p_24.0fps_hevc.mp4",3.6735961676129643,3.5344424230126843,3.812749912213244
"venice_harmonic_2_cropped_8s_4000kbps_1080p_30.0fps_hevc.mp4",3.740247757830507,3.5974010669194647,3.8830944487415486
"venice_harmonic_2_cropped_8s_4000kbps_1440p_30.0fps_hevc.mp4",3.9231174910828157,3.7583740622216006,4.087860919944031
"venice_harmonic_2_cropped_8s_4000kbps_720p_30.0fps_hevc.mp4",3.4074388869758447,3.2985172445428597,3.5163605294088303
"venice_harmonic_2_cropped_8s_500kbps_360p_15.0fps_hevc.mp4",1.6568986186750587,1.7405489037802766,1.573248333569841
"venice_harmonic_2_cropped_8s_500kbps_360p_24.0fps_hevc.mp4",1.7667842786409256,1.8504840183883289,1.6830845388935223
"venice_harmonic_2_cropped_8s_500kbps_480p_15.0fps_hevc.mp4",1.899304707287638,1.786076874062982,2.012532540512294
"venice_harmonic_2_cropped_8s_6000kbps_1080p_30.0fps_hevc.mp4",3.878983062012372,3.7827800056647805,3.975186118359963
"venice_harmonic_2_cropped_8s_6000kbps_1440p_30.0fps_hevc.mp4",4.175540307610455,3.9872935987310436,4.363787016489867
"venice_harmonic_2_cropped_8s_6000kbps_1440p_59.94fps_hevc.mp4",4.196441609649511,4.059415371873024,4.3334678474259976
"venice_harmonic_2_cropped_8s_6000kbps_2160p_30.0fps_hevc.mp4",4.249408791929913,4.089558430747486,4.40925915311234
"venice_harmonic_2_cropped_8s_8000kbps_1440p_59.94fps_hevc.mp4",4.297856537955684,4.2220567405847795,4.373656335326588
"venice_harmonic_2_cropped_8s_8000kbps_2160p_30.0fps_hevc.mp4",4.241816889053272,4.250651658278125,4.232982119828419
"venice_harmonic_2_cropped_8s_8000kbps_2160p_59.94fps_hevc.mp4",4.268719989625923,4.2861011954867205,4.251338783765126
"water_netflix_15000kbps_1080p_59.94fps_h264.mp4",3.278303559133553,3.218162539710546,3.3384445785565604
"water_netflix_15000kbps_1080p_59.94fps_hevc.mp4",3.6054918685086736,3.5018679987735695,3.709115738243778
"water_netflix_15000kbps_1080p_59.94fps_vp9.mkv",3.814680121883069,3.7151831785015,3.9141770652646386
"water_netflix_15000kbps_2160p_59.94fps_h264.mp4",3.1457147332013617,2.8941778993430347,3.3972515670596892
"water_netflix_15000kbps_2160p_59.94fps_hevc.mp4",3.3748162975645304,3.349116091116491,3.4005165040125704
"water_netflix_15000kbps_2160p_59.94fps_vp9.mkv",3.8037452518219377,3.756093691163266,3.8513968124806097
"water_netflix_2000kbps_1080p_59.94fps_h264.mp4",1.1987313830980135,1.3324936170546096,1.0649691491414175
"water_netflix_2000kbps_1080p_59.94fps_hevc.mp4",1.0983543176193882,1.0571428571428572,1.139565778095919
"water_netflix_2000kbps_1080p_59.94fps_vp9.mkv",2.337811322151783,2.322306535314296,2.35331610898927
"water_netflix_2000kbps_720p_59.94fps_h264.mp4",1.6562524305776896,1.7731311433204424,1.5393737178349367
"water_netflix_2000kbps_720p_59.94fps_hevc.mp4",1.8760265594251306,1.9079919088196517,1.8440612100306097
"water_netflix_2000kbps_720p_59.94fps_vp9.mkv",2.3607667239271626,2.3066567120383183,2.4148767358160073
"water_netflix_200kbps_360p_59.94fps_h264.mp4",1.5730715011763707,1.5920053747851646,1.554137627567577
"water_netflix_200kbps_360p_59.94fps_hevc.mp4",2.6394630046645258,2.8115676344895055,2.467358374839546
"water_netflix_200kbps_360p_59.94fps_vp9.mkv",1.2380327659336476,1.2360461022639382,1.240019429603357
"water_netflix_40000kbps_2160p_59.94fps_h264.mp4",3.964786805485822,3.8601148392333138,4.06945877173833
"water_netflix_40000kbps_2160p_59.94fps_hevc.mp4",4.160360296566633,4.22127760130528,4.099442991827987
"water_netflix_40000kbps_2160p_59.94fps_vp9.mkv",4.243344413520642,4.388567559584006,4.0981212674572784
"water_netflix_7500kbps_1080p_59.94fps_h264.mp4",2.8825057748131044,2.7218900926834646,3.043121456942744
"water_netflix_7500kbps_1080p_59.94fps_hevc.mp4",3.077054705796745,2.987798660262982,3.1663107513305087
"water_netflix_7500kbps_1080p_59.94fps_vp9.mkv",3.439598236126013,3.3417650742873715,3.5374313979646548
"water_netflix_7500kbps_2160p_59.94fps_h264.mp4",2.031598363919289,1.83558850816192,2.2276082196766587
"water_netflix_7500kbps_2160p_59.94fps_hevc.mp4",2.0051256338971495,1.907013617848066,2.103237649946233
"water_netflix_7500kbps_2160p_59.94fps_vp9.mkv",3.2692372618023313,3.1741660414378394,3.3643084821668237
"water_netflix_750kbps_360p_59.94fps_h264.mp4",1.2980068623525078,1.3807868085229842,1.2152269161820315
"water_netflix_750kbps_360p_59.94fps_hevc.mp4",1.5860394695806317,1.6284529921002209,1.5436259470610423
"water_netflix_750kbps_360p_59.94fps_vp9.mkv",1.6103439285982528,1.7317611321771234,1.4889267250193825
"water_netflix_750kbps_720p_59.94fps_h264.mp4",1.1461627918640254,1.0571428571428572,1.2351827265851936
"water_netflix_750kbps_720p_59.94fps_hevc.mp4",1.561207082790734,1.6650158529064973,1.4573983126749708
"water_netflix_750kbps_720p_59.94fps_vp9.mkv",1.7434517211419123,1.776138281892194,1.7107651603916305
"water_netflix_8s_10244kbps_1080p_59.94fps_h264.mp4",3.522745544587237,3.3472372131503976,3.698253876024077
"water_netflix_8s_10244kbps_1080p_59.94fps_hevc.mp4",3.329172657380094,3.2581286622232506,3.4002166525369377
"water_netflix_8s_10244kbps_1080p_59.94fps_vp9.mp4",3.498365306168078,3.418440299590755,3.5782903127454015
"water_netflix_8s_1138kbps_360p_59.94fps_h264.mp4",1.8092882352611788,1.9728167849555396,1.645759685566818
"water_netflix_8s_1138kbps_360p_59.94fps_hevc.mp4",1.7724507118720338,1.844815607569873,1.7000858161741945
"water_netflix_8s_1138kbps_360p_59.94fps_vp9.mp4",1.8790691496827772,1.9975507188490136,1.7605875805165407
"water_netflix_8s_14930kbps_1080p_59.94fps_h264.mp4",3.773717217700086,3.5996113962813934,3.947823039118778
"water_netflix_8s_14930kbps_1080p_59.94fps_hevc.mp4",3.6030419303169228,3.5072266400394674,3.698857220594378
"water_netflix_8s_14930kbps_1080p_59.94fps_vp9.mp4",3.7781105301406828,3.6659930836614087,3.890227976619957
"water_netflix_8s_1659kbps_360p_59.94fps_h264.mp4",2.0443364928479917,2.173915362440339,1.9147576232556445
"water_netflix_8s_1659kbps_360p_59.94fps_hevc.mp4",1.988119481861879,2.0449323979489247,1.9313065657748334
"water_netflix_8s_1659kbps_360p_59.94fps_vp9.mp4",2.0673887093733665,2.177881825491913,1.9568955932548202
"water_netflix_8s_22229kbps_2160p_59.94fps_h264.mp4",3.7446980569509924,3.6937451676964685,3.7956509462055164
"water_netflix_8s_22229kbps_2160p_59.94fps_hevc.mp4",3.977577376536609,3.7887621578087916,4.166392595264427
"water_netflix_8s_22229kbps_2160p_59.94fps_vp9.mp4",4.06239389130769,4.003311023424171,4.121476759191209
"water_netflix_8s_2470kbps_720p_59.94fps_h264.mp4",2.152286857495697,2.349855032061777,1.9547186829296164
"water_netflix_8s_2470kbps_720p_59.94fps_hevc.mp4",2.2573072483234147,2.2429037459891727,2.2717107506576566
"water_netflix_8s_2470kbps_720p_59.94fps_vp9.mp4",2.4730202386376066,2.4585719555753456,2.487468521699868
"water_netflix_8s_3484kbps_2160p_59.94fps_h264.mp4",1.0582204452311015,1.1086617558057443,1.0077791346564586
"water_netflix_8s_3484kbps_2160p_59.94fps_hevc.mp4",1.1723419022862909,1.0571428571428572,1.2875409474297244
"water_netflix_8s_3484kbps_2160p_59.94fps_vp9.mp4",2.8763418270065957,2.944095923719252,2.8085877302939393
"water_netflix_8s_387kbps_720p_59.94fps_h264.mp4",1.6141168972009732,1.6650158529064973,1.5632179414954488
"water_netflix_8s_387kbps_720p_59.94fps_hevc.mp4",1.6390982744182463,1.6650158529064973,1.6131806959299952
"water_netflix_8s_387kbps_720p_59.94fps_vp9.mp4",1.7903574223827885,1.8107389335345927,1.7699759112309843
"water_netflix_8s_40974kbps_2160p_59.94fps_h264.mp4",3.963615989092904,4.225561231111815,3.701670747073993
"water_netflix_8s_40974kbps_2160p_59.94fps_hevc.mp4",4.196846570781384,4.23111478816568,4.162578353397088
"water_netflix_8s_40974kbps_2160p_59.94fps_vp9.mp4",4.063694285441701,4.352298612173994,3.775089958709408
"water_netflix_8s_4553kbps_720p_59.94fps_h264.mp4",2.592446745956921,2.821329711662613,2.3635637802512286
"water_netflix_8s_4553kbps_720p_59.94fps_hevc.mp4",2.7601753753105016,2.688239391852418,2.8321113587685853
"water_netflix_8s_4553kbps_720p_59.94fps_vp9.mp4",2.95017312600013,2.8662640593888424,3.0340821926114176
"water_netflix_8s_5557kbps_1080p_59.94fps_h264.mp4",2.803350387962678,2.872894847823013,2.7338059281023432
"water_netflix_8s_5557kbps_1080p_59.94fps_hevc.mp4",2.843146399909357,2.7760907873100655,2.9102020125086487
"water_netflix_8s_5557kbps_1080p_59.94fps_vp9.mp4",3.0078529303419366,2.9955781143627425,3.020127746321131
"water_netflix_8s_59720kbps_2160p_59.94fps_h264.mp4",4.253293776441153,4.454763127529219,4.051824425353088
"water_netflix_8s_59720kbps_2160p_59.94fps_hevc.mp4",4.4179805428874115,4.4350153849298835,4.40094570084494
"water_netflix_8s_59720kbps_2160p_59.94fps_vp9.mp4",4.184944663349455,4.493691499412258,3.8761978272866524
"water_netflix_8s_617kbps_360p_59.94fps_h264.mp4",1.4921961870550444,1.6129821521743657,1.3714102219357232
"water_netflix_8s_617kbps_360p_59.94fps_hevc.mp4",1.4717819853565974,1.5342704434383947,1.4092935272748002
"water_netflix_8s_617kbps_360p_59.94fps_vp9.mp4",1.550224215415695,1.6913099453911562,1.4091384854402342
"water_netflix_8s_6635kbps_720p_59.94fps_h264.mp4",3.139794379480077,3.0494084535295456,3.2301803054306086
"water_netflix_8s_6635kbps_720p_59.94fps_hevc.mp4",3.010301422496408,2.9226367064168075,3.097966138576009
"water_netflix_8s_6635kbps_720p_59.94fps_vp9.mp4",3.163157526392899,3.0607773900264257,3.265537662759372
"water_netflix_8s_871kbps_1080p_59.94fps_h264.mp4",1.2868027569999256,1.2845016095545805,1.2891039044452708
"water_netflix_8s_871kbps_1080p_59.94fps_hevc.mp4",1.2668259025582027,1.2845016095545805,1.2491501955618247
"water_netflix_8s_871kbps_1080p_59.94fps_vp9.mp4",2.0753220982589125,2.2399266737297268,1.9107175227880984
"water_netflix_8s_97kbps_360p_59.94fps_h264.mp4",1.4611985911220162,1.5770438359109002,1.3453533463331324
"water_netflix_8s_97kbps_360p_59.94fps_hevc.mp4",2.248470380746776,2.4513078864042965,2.0456328750892556
"water_netflix_8s_97kbps_360p_59.94fps_vp9.mp4",1.1887231654501504,1.2229380030914319,1.1545083278088693
